标准长度(mm),订购数量,单价(元/mm),小计(元)
2003.3453927901307,24,0.15,7212.04341404447
2049.6205199746246,4,0.15,1229.7723119847747
2443.2135862117516,7,0.15,2565.374265522339
2526.8394453172323,3,0.15,1137.0777503927545
2697.9491608976004,3,0.15,1214.0771224039202
2779.3303524024423,1,0.15,416.8995528603663
2973.698980526382,7,0.15,3122.3839295527014
3026.879249991111,1,0.15,454.03188749866666
合计,50,-,17351.66023425999
