标准长度(mm),订购数量,单价(元/mm),小计(元)
1545.4537372851016,11,0.15,2549.9986665204174
1669.4126115312386,5,0.15,1252.0594586484287
1805.1637685194808,7,0.15,1895.421956945455
2049.8160539948376,5,0.15,1537.362040496128
2243.091536329353,2,0.15,672.9274608988059
2384.5829896538135,5,0.15,1788.4372422403599
2499.2988458925606,3,0.15,1124.6844806516522
2695.4558681110934,12,0.15,4851.820562599968
合计,50,-,15672.711869001218
