标准长度(mm),订购数量,单价(元/mm),小计(元)
1903.0350832520414,25,0.15,7136.381562195155
1977.7528549230863,1,0.15,296.66292823846294
2477.3017221814703,14,0.15,5202.333616581088
2734.896888644695,5,0.15,2051.172666483521
2801.0350001322104,1,0.15,420.15525001983156
3058.8612714341916,4,0.15,1835.316762860515
合计,50,-,16942.022786378573
