标准长度(mm),订购数量,单价(元/mm),小计(元)
1388.3656835652919,10,0.15,2082.548525347938
1508.8438711939912,5,0.15,1131.6329033954933
1649.116512132372,4,0.15,989.4699072794232
1911.6969108868636,7,0.15,2007.2817564312068
2304.2889353127503,5,0.15,1728.2167014845627
2355.500395482634,4,0.15,1413.3002372895803
2446.8888537655384,5,0.15,1835.1666403241538
2520.088611109744,3,0.15,1134.0398749993847
2561.8488869420175,7,0.15,2689.9413312891184
合计,50,-,15011.59787784086
