标准长度(mm),订购数量,单价(元/mm),小计(元)
1358.2370167539327,8,0.15,1629.8844201047193
1614.8885516854043,7,0.15,1695.6329792696745
1913.0743021168253,5,0.15,1434.805726587619
2729.4017449101593,24,0.15,9825.846281676573
3011.8033715710617,6,0.15,2710.6230344139553
合计,50,-,17296.79244205254
