标准长度(mm),订购数量,单价(元/mm),小计(元)
1465.15936525223,12,0.15,2637.286857454014
1624.9455860941905,4,0.15,974.9673516565142
1906.3604984024769,4,0.15,1143.816299041486
2067.1815486411797,6,0.15,1860.4633937770616
2338.1916663188404,9,0.15,3156.558749530434
2483.2561983484425,4,0.15,1489.9537190090655
2666.250431899797,11,0.15,4399.313212634665
合计,50,-,15662.35958310324
