标准长度(mm),订购数量,单价(元/mm),小计(元)
2138.2100917997527,27,0.15,8659.750871788998
2190.1995055828165,2,0.15,657.0598516748449
2396.767127185179,8,0.15,2876.1205526222147
2572.892097057485,4,0.15,1543.7352582344909
2639.7462620934903,4,0.15,1583.8477572560942
2921.093992396781,5,0.15,2190.820494297586
合计,50,-,17511.334785874227
