标准长度(mm),订购数量,单价(元/mm),小计(元)
1444.5290707657216,12,0.15,2600.152327378299
1557.1356970458496,5,0.15,1167.851772784387
1864.1386720809016,4,0.15,1118.483203248541
2046.4881590807065,5,0.15,1534.8661193105297
2264.8719625470467,7,0.15,2378.1155606743987
2382.8522931876255,4,0.15,1429.7113759125752
2538.402539793913,4,0.15,1523.0415238763478
2640.242076092518,9,0.15,3564.3268027248987
合计,50,-,15316.548685909976
