标准长度(mm),订购数量,单价(元/mm),小计(元)
1489.749308154231,6,0.15,1340.7743773388079
1570.1626613242322,6,0.15,1413.1463951918088
1793.315946711139,6,0.15,1613.9843520400252
1907.2787000622425,1,0.15,286.0918050093364
2107.1835982853836,5,0.15,1580.3876987140377
2266.4610907473434,5,0.15,1699.8458180605076
2455.1954035932263,5,0.15,1841.3965526949198
2617.448573203683,16,0.15,6281.876575688839
合计,50,-,16057.503574738283
