标准长度(mm),订购数量,单价(元/mm),小计(元)
1604.5084146019499,10,0.15,2406.762621902925
1776.0935686316475,5,0.15,1332.0701764737357
2047.5997927881285,4,0.15,1228.559875672877
2338.7237096557633,4,0.15,1403.2342257934579
2431.8790161900642,4,0.15,1459.1274097140385
2520.5858932476954,5,0.15,1890.4394199357714
2670.228099481305,3,0.15,1201.6026447665872
2773.487485776627,15,0.15,6240.346842997411
合计,50,-,17162.143217256802
