标准长度(mm),订购数量,单价(元/mm),小计(元)
1407.771487602493,7,0.15,1478.1600619826174
1680.8374725165495,6,0.15,1512.7537252648945
1953.903457430606,4,0.15,1172.3420744583636
2226.9694423446626,3,0.15,1002.1362490550981
2500.035427258719,9,0.15,3375.047826799271
2773.101412172776,9,0.15,3743.686906433247
3046.1673970868324,12,0.15,5483.101314756298
合计,50,-,17767.22815874979
